Date,Type,Title,Info,Currency,Amount,"Fees & Taxes",Net,"Tax Details",Status,"Availability Date"
"17 June, 2026",VAT,"VAT: listing","listing: 4523387884",TRY,--,"-1.85 TL","-1.85 TL",--
"17 June, 2026",Fee,"Listing fee ($0.20 USD)","Listing #4523387884",TRY,--,"-9.26 TL","-9.26 TL",--
"17 June, 2026",VAT,"VAT: listing","listing: 4523377927",TRY,--,"-1.85 TL","-1.85 TL",--
"17 June, 2026",Fee,"Listing fee ($0.20 USD)","Listing #4523377927",TRY,--,"-9.26 TL","-9.26 TL",--
"17 June, 2026",VAT,"VAT: listing","listing: 4523377783",TRY,--,"-1.85 TL","-1.85 TL",--
"17 June, 2026",Fee,"Listing fee ($0.20 USD)","Listing #4523377783",TRY,--,"-9.26 TL","-9.26 TL",--
"17 June, 2026",VAT,"VAT: listing","listing: 4523377605",TRY,--,"-1.85 TL","-1.85 TL",--
"17 June, 2026",Fee,"Listing fee ($0.20 USD)","Listing #4523377605",TRY,--,"-9.26 TL","-9.26 TL",--
"17 June, 2026",VAT,"VAT: listing","listing: 4523377425",TRY,--,"-1.85 TL","-1.85 TL",--
"17 June, 2026",Fee,"Listing fee ($0.20 USD)","Listing #4523377425",TRY,--,"-9.26 TL","-9.26 TL",--
"17 June, 2026",VAT,"VAT: listing","listing: 4523377289",TRY,--,"-1.85 TL","-1.85 TL",--
"17 June, 2026",Fee,"Listing fee ($0.20 USD)","Listing #4523377289",TRY,--,"-9.26 TL","-9.26 TL",--
"17 June, 2026",VAT,"VAT: listing","listing: 4523373266",TRY,--,"-1.85 TL","-1.85 TL",--
"17 June, 2026",Fee,"Listing fee ($0.20 USD)","Listing #4523373266",TRY,--,"-9.26 TL","-9.26 TL",--
"17 June, 2026",VAT,"VAT: listing","listing: 4523362813",TRY,--,"-1.85 TL","-1.85 TL",--
"17 June, 2026",Fee,"Listing fee ($0.20 USD)","Listing #4523362813",TRY,--,"-9.26 TL","-9.26 TL",--
"17 June, 2026",VAT,"VAT: listing","listing: 4523372548",TRY,--,"-1.85 TL","-1.85 TL",--
"17 June, 2026",Fee,"Listing fee ($0.20 USD)","Listing #4523372548",TRY,--,"-9.26 TL","-9.26 TL",--
"17 June, 2026",VAT,"VAT: listing","listing: 4523372292",TRY,--,"-1.85 TL","-1.85 TL",--
"17 June, 2026",Fee,"Listing fee ($0.20 USD)","Listing #4523372292",TRY,--,"-9.26 TL","-9.26 TL",--
"17 June, 2026",VAT,"VAT: listing","listing: 4523362229",TRY,--,"-1.85 TL","-1.85 TL",--
"17 June, 2026",Fee,"Listing fee ($0.20 USD)","Listing #4523362229",TRY,--,"-9.26 TL","-9.26 TL",--
"17 June, 2026",VAT,"VAT: listing","listing: 4523371932",TRY,--,"-1.85 TL","-1.85 TL",--
"17 June, 2026",Fee,"Listing fee ($0.20 USD)","Listing #4523371932",TRY,--,"-9.26 TL","-9.26 TL",--
"17 June, 2026",VAT,"VAT: listing","listing: 4523371730",TRY,--,"-1.85 TL","-1.85 TL",--
"17 June, 2026",Fee,"Listing fee ($0.20 USD)","Listing #4523371730",TRY,--,"-9.26 TL","-9.26 TL",--
"17 June, 2026",VAT,"VAT: listing","listing: 4523371552",TRY,--,"-1.85 TL","-1.85 TL",--
"17 June, 2026",Fee,"Listing fee ($0.20 USD)","Listing #4523371552",TRY,--,"-9.26 TL","-9.26 TL",--
"17 June, 2026",VAT,"VAT: listing","listing: 4523361477",TRY,--,"-1.85 TL","-1.85 TL",--
"17 June, 2026",Fee,"Listing fee ($0.20 USD)","Listing #4523361477",TRY,--,"-9.26 TL","-9.26 TL",--
"17 June, 2026",VAT,"VAT: listing","listing: 4523353915",TRY,--,"-1.85 TL","-1.85 TL",--
"17 June, 2026",Fee,"Listing fee ($0.20 USD)","Listing #4523353915",TRY,--,"-9.26 TL","-9.26 TL",--
"17 June, 2026",VAT,"VAT: listing","listing: 4523342202",TRY,--,"-1.85 TL","-1.85 TL",--
"17 June, 2026",Fee,"Listing fee ($0.20 USD)","Listing #4523342202",TRY,--,"-9.26 TL","-9.26 TL",--
"17 June, 2026",VAT,"VAT: listing","listing: 4523332439",TRY,--,"-1.85 TL","-1.85 TL",--
"17 June, 2026",Fee,"Listing fee ($0.20 USD)","Listing #4523332439",TRY,--,"-9.26 TL","-9.26 TL",--
"17 June, 2026",VAT,"VAT: listing","listing: 4523332113",TRY,--,"-1.85 TL","-1.85 TL",--
"17 June, 2026",Fee,"Listing fee ($0.20 USD)","Listing #4523332113",TRY,--,"-9.26 TL","-9.26 TL",--
"17 June, 2026",VAT,"VAT: listing","listing: 4523331927",TRY,--,"-1.85 TL","-1.85 TL",--
"17 June, 2026",Fee,"Listing fee ($0.20 USD)","Listing #4523331927",TRY,--,"-9.26 TL","-9.26 TL",--
"17 June, 2026",VAT,"VAT: listing","listing: 4523341724",TRY,--,"-1.85 TL","-1.85 TL",--
"17 June, 2026",Fee,"Listing fee ($0.20 USD)","Listing #4523341724",TRY,--,"-9.26 TL","-9.26 TL",--
"17 June, 2026",VAT,"VAT: listing","listing: 4523341532",TRY,--,"-1.85 TL","-1.85 TL",--
"17 June, 2026",Fee,"Listing fee ($0.20 USD)","Listing #4523341532",TRY,--,"-9.26 TL","-9.26 TL",--
"17 June, 2026",VAT,"VAT: Etsy Ads",,TRY,--,"-231.22 TL","-231.22 TL",--
"17 June, 2026",Marketing,"Etsy Ads","Bill for click-throughs to your shop on Jun 16, 2026",TRY,--,"-1,156.08 TL","-1,156.08 TL",--
"17 June, 2026",VAT,"VAT: Processing Fee","Order #4090712056",TRY,--,"-127.43 TL","-127.43 TL",--
"17 June, 2026",VAT,"VAT: Regulatory Operating fee",,TRY,--,"-40.58 TL","-40.58 TL",--
"17 June, 2026",VAT,"VAT: shipping transaction",,TRY,--,"-60.21 TL","-60.21 TL",--
"17 June, 2026",VAT,"VAT: transaction","order: 4090712056",TRY,--,"-56.00 TL","-56.00 TL",--
"17 June, 2026",Fee,"Regulatory Operating fee","Order #4090712056",TRY,--,"-202.91 TL","-202.91 TL",--
"17 June, 2026",Fee,"Transaction fee: Shipping","Order #4090712056",TRY,--,"-301.05 TL","-301.05 TL",--
"17 June, 2026",Fee,"Transaction fee: Elegant Woman Relaxing in Bubble Bath Ca...","Order #4090712056",TRY,--,"-279.98 TL","-279.98 TL",--
"17 June, 2026",Tax,"Sales tax paid by buyer","Order #4090712056",TRY,--,"-871.54 TL","-871.54 TL",--
"17 June, 2026",Fee,"Processing fee","Order #4090712056",TRY,--,"-637.15 TL","-637.15 TL",--
"17 June, 2026",Sale,"Payment for Order #4090712056","Funds will be available on Jun 30, 2026",TRY,"9,586.98 TL",--,"9,586.98 TL",--
"17 June, 2026",VAT,"VAT: auto-renew sold ","auto-renew sold : 4504346627",TRY,--,"-1.85 TL","-1.85 TL",--
"17 June, 2026",Fee,"Listing fee ($0.20 USD)","Listing #4504346627",TRY,--,"-9.26 TL","-9.26 TL",--
"16 June, 2026",VAT,"VAT: listing","listing: 4522924682",TRY,--,"-1.85 TL","-1.85 TL",--
"16 June, 2026",Fee,"Listing fee ($0.20 USD)","Listing #4522924682",TRY,--,"-9.26 TL","-9.26 TL",--
"16 June, 2026",VAT,"VAT: listing","listing: 4522924434",TRY,--,"-1.85 TL","-1.85 TL",--
"16 June, 2026",Fee,"Listing fee ($0.20 USD)","Listing #4522924434",TRY,--,"-9.26 TL","-9.26 TL",--
"16 June, 2026",VAT,"VAT: listing","listing: 4522917182",TRY,--,"-1.85 TL","-1.85 TL",--
"16 June, 2026",Fee,"Listing fee ($0.20 USD)","Listing #4522917182",TRY,--,"-9.26 TL","-9.26 TL",--
"16 June, 2026",VAT,"VAT: listing","listing: 4522908691",TRY,--,"-1.85 TL","-1.85 TL",--
"16 June, 2026",Fee,"Listing fee ($0.20 USD)","Listing #4522908691",TRY,--,"-9.26 TL","-9.26 TL",--
"16 June, 2026",VAT,"VAT: listing","listing: 4522897616",TRY,--,"-1.85 TL","-1.85 TL",--
"16 June, 2026",Fee,"Listing fee ($0.20 USD)","Listing #4522897616",TRY,--,"-9.26 TL","-9.26 TL",--
"16 June, 2026",VAT,"VAT: listing","listing: 4522890191",TRY,--,"-1.85 TL","-1.85 TL",--
"16 June, 2026",Fee,"Listing fee ($0.20 USD)","Listing #4522890191",TRY,--,"-9.26 TL","-9.26 TL",--
"16 June, 2026",VAT,"VAT: listing","listing: 4522898902",TRY,--,"-1.85 TL","-1.85 TL",--
"16 June, 2026",Fee,"Listing fee ($0.20 USD)","Listing #4522898902",TRY,--,"-9.26 TL","-9.26 TL",--
"16 June, 2026",VAT,"VAT: listing","listing: 4522897354",TRY,--,"-1.85 TL","-1.85 TL",--
"16 June, 2026",Fee,"Listing fee ($0.20 USD)","Listing #4522897354",TRY,--,"-9.26 TL","-9.26 TL",--
"16 June, 2026",VAT,"VAT: listing","listing: 4522898194",TRY,--,"-1.85 TL","-1.85 TL",--
"16 June, 2026",Fee,"Listing fee ($0.20 USD)","Listing #4522898194",TRY,--,"-9.26 TL","-9.26 TL",--
"16 June, 2026",VAT,"VAT: listing","listing: 4522897892",TRY,--,"-1.85 TL","-1.85 TL",--
"16 June, 2026",Fee,"Listing fee ($0.20 USD)","Listing #4522897892",TRY,--,"-9.26 TL","-9.26 TL",--
"16 June, 2026",VAT,"VAT: listing","listing: 4522888783",TRY,--,"-1.85 TL","-1.85 TL",--
"16 June, 2026",Fee,"Listing fee ($0.20 USD)","Listing #4522888783",TRY,--,"-9.26 TL","-9.26 TL",--
"16 June, 2026",VAT,"VAT: listing","listing: 4522794086",TRY,--,"-1.85 TL","-1.85 TL",--
"16 June, 2026",Fee,"Listing fee ($0.20 USD)","Listing #4522794086",TRY,--,"-9.26 TL","-9.26 TL",--
"16 June, 2026",VAT,"VAT: listing","listing: 4522785105",TRY,--,"-1.85 TL","-1.85 TL",--
"16 June, 2026",Fee,"Listing fee ($0.20 USD)","Listing #4522785105",TRY,--,"-9.26 TL","-9.26 TL",--
"16 June, 2026",VAT,"VAT: listing","listing: 4522792364",TRY,--,"-1.85 TL","-1.85 TL",--
"16 June, 2026",Fee,"Listing fee ($0.20 USD)","Listing #4522792364",TRY,--,"-9.26 TL","-9.26 TL",--
"16 June, 2026",VAT,"VAT: listing","listing: 4522789774",TRY,--,"-1.85 TL","-1.85 TL",--
"16 June, 2026",Fee,"Listing fee ($0.20 USD)","Listing #4522789774",TRY,--,"-9.26 TL","-9.26 TL",--
"16 June, 2026",VAT,"VAT: listing","listing: 4522790298",TRY,--,"-1.85 TL","-1.85 TL",--
"16 June, 2026",Fee,"Listing fee ($0.20 USD)","Listing #4522790298",TRY,--,"-9.26 TL","-9.26 TL",--
"16 June, 2026",VAT,"VAT: listing","listing: 4522782317",TRY,--,"-1.85 TL","-1.85 TL",--
"16 June, 2026",Fee,"Listing fee ($0.20 USD)","Listing #4522782317",TRY,--,"-9.26 TL","-9.26 TL",--
"16 June, 2026",VAT,"VAT: listing","listing: 4522782105",TRY,--,"-1.85 TL","-1.85 TL",--
"16 June, 2026",Fee,"Listing fee ($0.20 USD)","Listing #4522782105",TRY,--,"-9.26 TL","-9.26 TL",--
"16 June, 2026",VAT,"VAT: listing","listing: 4522781727",TRY,--,"-1.85 TL","-1.85 TL",--
"16 June, 2026",Fee,"Listing fee ($0.20 USD)","Listing #4522781727",TRY,--,"-9.26 TL","-9.26 TL",--
"16 June, 2026",VAT,"VAT: listing","listing: 4522779117",TRY,--,"-1.85 TL","-1.85 TL",--
"16 June, 2026",Fee,"Listing fee ($0.20 USD)","Listing #4522779117",TRY,--,"-9.26 TL","-9.26 TL",--
"16 June, 2026",VAT,"VAT: listing","listing: 4522779323",TRY,--,"-1.85 TL","-1.85 TL",--
"16 June, 2026",Fee,"Listing fee ($0.20 USD)","Listing #4522779323",TRY,--,"-9.26 TL","-9.26 TL",--
"16 June, 2026",VAT,"VAT: listing","listing: 4522787268",TRY,--,"-1.85 TL","-1.85 TL",--
"16 June, 2026",Fee,"Listing fee ($0.20 USD)","Listing #4522787268",TRY,--,"-9.26 TL","-9.26 TL",--
"16 June, 2026",VAT,"VAT: listing","listing: 4522787436",TRY,--,"-1.85 TL","-1.85 TL",--
"16 June, 2026",Fee,"Listing fee ($0.20 USD)","Listing #4522787436",TRY,--,"-9.26 TL","-9.26 TL",--
"16 June, 2026",VAT,"VAT: listing","listing: 4522779811",TRY,--,"-1.85 TL","-1.85 TL",--
"16 June, 2026",Fee,"Listing fee ($0.20 USD)","Listing #4522779811",TRY,--,"-9.26 TL","-9.26 TL",--
"16 June, 2026",VAT,"VAT: listing","listing: 4522774401",TRY,--,"-1.85 TL","-1.85 TL",--
"16 June, 2026",Fee,"Listing fee ($0.20 USD)","Listing #4522774401",TRY,--,"-9.26 TL","-9.26 TL",--
"16 June, 2026",VAT,"VAT: listing","listing: 4522749375",TRY,--,"-1.85 TL","-1.85 TL",--
"16 June, 2026",Fee,"Listing fee ($0.20 USD)","Listing #4522749375",TRY,--,"-9.26 TL","-9.26 TL",--
"16 June, 2026",VAT,"VAT: listing","listing: 4522749179",TRY,--,"-1.85 TL","-1.85 TL",--
"16 June, 2026",Fee,"Listing fee ($0.20 USD)","Listing #4522749179",TRY,--,"-9.26 TL","-9.26 TL",--
"16 June, 2026",VAT,"VAT: listing","listing: 4522748901",TRY,--,"-1.85 TL","-1.85 TL",--
"16 June, 2026",Fee,"Listing fee ($0.20 USD)","Listing #4522748901",TRY,--,"-9.26 TL","-9.26 TL",--
"16 June, 2026",VAT,"VAT: listing","listing: 4522752782",TRY,--,"-1.85 TL","-1.85 TL",--
"16 June, 2026",Fee,"Listing fee ($0.20 USD)","Listing #4522752782",TRY,--,"-9.26 TL","-9.26 TL",--
"16 June, 2026",VAT,"VAT: listing","listing: 4522752580",TRY,--,"-1.85 TL","-1.85 TL",--
"16 June, 2026",Fee,"Listing fee ($0.20 USD)","Listing #4522752580",TRY,--,"-9.26 TL","-9.26 TL",--
"16 June, 2026",VAT,"VAT: listing","listing: 4522735235",TRY,--,"-1.85 TL","-1.85 TL",--
"16 June, 2026",Fee,"Listing fee ($0.20 USD)","Listing #4522735235",TRY,--,"-9.26 TL","-9.26 TL",--
"16 June, 2026",VAT,"VAT: listing","listing: 4522743186",TRY,--,"-1.85 TL","-1.85 TL",--
"16 June, 2026",Fee,"Listing fee ($0.20 USD)","Listing #4522743186",TRY,--,"-9.26 TL","-9.26 TL",--
"16 June, 2026",VAT,"VAT: Etsy Ads",,TRY,--,"-231.51 TL","-231.51 TL",--
"16 June, 2026",Marketing,"Etsy Ads","Bill for click-throughs to your shop on Jun 15, 2026",TRY,--,"-1,157.54 TL","-1,157.54 TL",--
"15 June, 2026",VAT,"VAT: listing","listing: 4522381335",TRY,--,"-1.85 TL","-1.85 TL",--
"15 June, 2026",Fee,"Listing fee ($0.20 USD)","Listing #4522381335",TRY,--,"-9.26 TL","-9.26 TL",--
"15 June, 2026",VAT,"VAT: listing","listing: 4522388022",TRY,--,"-1.85 TL","-1.85 TL",--
"15 June, 2026",Fee,"Listing fee ($0.20 USD)","Listing #4522388022",TRY,--,"-9.26 TL","-9.26 TL",--
"15 June, 2026",VAT,"VAT: listing","listing: 4522388538",TRY,--,"-1.85 TL","-1.85 TL",--
"15 June, 2026",Fee,"Listing fee ($0.20 USD)","Listing #4522388538",TRY,--,"-9.26 TL","-9.26 TL",--
"15 June, 2026",VAT,"VAT: listing","listing: 4522387842",TRY,--,"-1.85 TL","-1.85 TL",--
"15 June, 2026",Fee,"Listing fee ($0.20 USD)","Listing #4522387842",TRY,--,"-9.26 TL","-9.26 TL",--
"15 June, 2026",VAT,"VAT: listing","listing: 4522380677",TRY,--,"-1.85 TL","-1.85 TL",--
"15 June, 2026",Fee,"Listing fee ($0.20 USD)","Listing #4522380677",TRY,--,"-9.26 TL","-9.26 TL",--
"15 June, 2026",VAT,"VAT: listing","listing: 4522387438",TRY,--,"-1.85 TL","-1.85 TL",--
"15 June, 2026",Fee,"Listing fee ($0.20 USD)","Listing #4522387438",TRY,--,"-9.26 TL","-9.26 TL",--
"15 June, 2026",VAT,"VAT: listing","listing: 4522380161",TRY,--,"-1.85 TL","-1.85 TL",--
"15 June, 2026",Fee,"Listing fee ($0.20 USD)","Listing #4522380161",TRY,--,"-9.26 TL","-9.26 TL",--
"15 June, 2026",VAT,"VAT: listing","listing: 4522367827",TRY,--,"-1.85 TL","-1.85 TL",--
"15 June, 2026",Fee,"Listing fee ($0.20 USD)","Listing #4522367827",TRY,--,"-9.26 TL","-9.26 TL",--
"15 June, 2026",VAT,"VAT: listing","listing: 4522374452",TRY,--,"-1.85 TL","-1.85 TL",--
"15 June, 2026",Fee,"Listing fee ($0.20 USD)","Listing #4522374452",TRY,--,"-9.26 TL","-9.26 TL",--
"15 June, 2026",VAT,"VAT: listing","listing: 4522372416",TRY,--,"-1.85 TL","-1.85 TL",--
"15 June, 2026",Fee,"Listing fee ($0.20 USD)","Listing #4522372416",TRY,--,"-9.26 TL","-9.26 TL",--
"15 June, 2026",VAT,"VAT: listing","listing: 4522365115",TRY,--,"-1.85 TL","-1.85 TL",--
"15 June, 2026",Fee,"Listing fee ($0.20 USD)","Listing #4522365115",TRY,--,"-9.26 TL","-9.26 TL",--
"15 June, 2026",VAT,"VAT: listing","listing: 4522372152",TRY,--,"-1.85 TL","-1.85 TL",--
"15 June, 2026",Fee,"Listing fee ($0.20 USD)","Listing #4522372152",TRY,--,"-9.26 TL","-9.26 TL",--
"15 June, 2026",VAT,"VAT: listing","listing: 4522364883",TRY,--,"-1.85 TL","-1.85 TL",--
"15 June, 2026",Fee,"Listing fee ($0.20 USD)","Listing #4522364883",TRY,--,"-9.26 TL","-9.26 TL",--
"15 June, 2026",VAT,"VAT: listing","listing: 4522356752",TRY,--,"-1.85 TL","-1.85 TL",--
"15 June, 2026",Fee,"Listing fee ($0.20 USD)","Listing #4522356752",TRY,--,"-9.26 TL","-9.26 TL",--
"15 June, 2026",VAT,"VAT: listing","listing: 4522357000",TRY,--,"-1.85 TL","-1.85 TL",--
"15 June, 2026",Fee,"Listing fee ($0.20 USD)","Listing #4522357000",TRY,--,"-9.26 TL","-9.26 TL",--
"15 June, 2026",VAT,"VAT: listing","listing: 4522345510",TRY,--,"-1.85 TL","-1.85 TL",--
"15 June, 2026",Fee,"Listing fee ($0.20 USD)","Listing #4522345510",TRY,--,"-9.26 TL","-9.26 TL",--
"15 June, 2026",VAT,"VAT: Etsy Ads",,TRY,--,"-231.28 TL","-231.28 TL",--
"15 June, 2026",Marketing,"Etsy Ads","Bill for click-throughs to your shop on Jun 14, 2026",TRY,--,"-1,156.38 TL","-1,156.38 TL",--
"14 June, 2026",VAT,"VAT: listing","listing: 4521796906",TRY,--,"-1.85 TL","-1.85 TL",--
"14 June, 2026",Fee,"Listing fee ($0.20 USD)","Listing #4521796906",TRY,--,"-9.25 TL","-9.25 TL",--
"14 June, 2026",VAT,"VAT: listing","listing: 4521791703",TRY,--,"-1.85 TL","-1.85 TL",--
"14 June, 2026",Fee,"Listing fee ($0.20 USD)","Listing #4521791703",TRY,--,"-9.25 TL","-9.25 TL",--
"14 June, 2026",VAT,"VAT: listing","listing: 4521789541",TRY,--,"-1.85 TL","-1.85 TL",--
"14 June, 2026",Fee,"Listing fee ($0.20 USD)","Listing #4521789541",TRY,--,"-9.25 TL","-9.25 TL",--
"14 June, 2026",VAT,"VAT: Etsy Ads",,TRY,--,"-45.86 TL","-45.86 TL",--
"14 June, 2026",Marketing,"Etsy Ads","Bill for click-throughs to your shop on Jun 13, 2026",TRY,--,"-229.31 TL","-229.31 TL",--
"13 June, 2026",VAT,"VAT: Etsy Ads",,TRY,--,"-44.94 TL","-44.94 TL",--
"13 June, 2026",Marketing,"Etsy Ads","Bill for click-throughs to your shop on Jun 12, 2026",TRY,--,"-224.69 TL","-224.69 TL",--
"12 June, 2026",VAT,"VAT: Etsy Ads",,TRY,--,"-230.38 TL","-230.38 TL",--
"12 June, 2026",Marketing,"Etsy Ads","Bill for click-throughs to your shop on Jun 11, 2026",TRY,--,"-1,151.92 TL","-1,151.92 TL",--
"11 June, 2026",VAT,"VAT: listing","listing: 4520472276",TRY,--,"-1.85 TL","-1.85 TL",--
"11 June, 2026",Fee,"Listing fee ($0.20 USD)","Listing #4520472276",TRY,--,"-9.24 TL","-9.24 TL",--
"11 June, 2026",VAT,"VAT: listing","listing: 4520472082",TRY,--,"-1.85 TL","-1.85 TL",--
"11 June, 2026",Fee,"Listing fee ($0.20 USD)","Listing #4520472082",TRY,--,"-9.24 TL","-9.24 TL",--
"11 June, 2026",VAT,"VAT: listing","listing: 4520471763",TRY,--,"-1.85 TL","-1.85 TL",--
"11 June, 2026",Fee,"Listing fee ($0.20 USD)","Listing #4520471763",TRY,--,"-9.24 TL","-9.24 TL",--
"11 June, 2026",VAT,"VAT: listing","listing: 4520471940",TRY,--,"-1.85 TL","-1.85 TL",--
"11 June, 2026",Fee,"Listing fee ($0.20 USD)","Listing #4520471940",TRY,--,"-9.24 TL","-9.24 TL",--
"11 June, 2026",VAT,"VAT: listing","listing: 4520469811",TRY,--,"-1.85 TL","-1.85 TL",--
"11 June, 2026",Fee,"Listing fee ($0.20 USD)","Listing #4520469811",TRY,--,"-9.24 TL","-9.24 TL",--
"11 June, 2026",VAT,"VAT: listing","listing: 4520472685",TRY,--,"-1.85 TL","-1.85 TL",--
"11 June, 2026",Fee,"Listing fee ($0.20 USD)","Listing #4520472685",TRY,--,"-9.24 TL","-9.24 TL",--
"11 June, 2026",VAT,"VAT: Processing Fee","Order #4085014348",TRY,--,"-147.88 TL","-147.88 TL",--
"11 June, 2026",VAT,"VAT: Regulatory Operating fee",,TRY,--,"-51.97 TL","-51.97 TL",--
"11 June, 2026",VAT,"VAT: transaction","order: 4085014348",TRY,--,"-148.80 TL","-148.80 TL",--
"11 June, 2026",Fee,"Regulatory Operating fee","Order #4085014348",TRY,--,"-259.84 TL","-259.84 TL",--
"11 June, 2026",Fee,"Transaction fee: Elegant Woman Relaxing in Bubble Bath Ca...","Order #4085014348",TRY,--,"-744.02 TL","-744.02 TL",--
"11 June, 2026",Fee,"Processing fee","Order #4085014348",TRY,--,"-739.41 TL","-739.41 TL",--
"11 June, 2026",Sale,"Payment for Order #4085014348","Funds will be available on Jun 25, 2026",TRY,"11,160.21 TL",--,"11,160.21 TL",--
"11 June, 2026",VAT,"VAT: auto-renew sold ","auto-renew sold : 4504346627",TRY,--,"-1.85 TL","-1.85 TL",--
"11 June, 2026",Fee,"Listing fee ($0.20 USD)","Listing #4504346627",TRY,--,"-9.23 TL","-9.23 TL",--
"11 June, 2026",VAT,"VAT: Etsy Ads",,TRY,--,"-228.18 TL","-228.18 TL",--
"11 June, 2026",Marketing,"Etsy Ads","Bill for click-throughs to your shop on Jun 10, 2026",TRY,--,"-1,140.92 TL","-1,140.92 TL",--
"10 June, 2026",VAT,"VAT: Credit for Regulatory Operating fee",,TRY,--,"25.04 TL","25.04 TL",--
"10 June, 2026",Fee,"Credit for Regulatory Operating fee","Order #4076830706",TRY,--,"125.18 TL","125.18 TL",--
"10 June, 2026",VAT,"VAT: transaction credit","order: 4076830706",TRY,--,"71.69 TL","71.69 TL",--
"10 June, 2026",Fee,"Credit for transaction fee on Vintage Tokyo Travel Poster Canvas, Pan ...","Order #4076830706",TRY,--,"358.46 TL","358.46 TL",--
"10 June, 2026",VAT,"VAT: Processing Fee","order: 4076830706",TRY,--,"77.33 TL","77.33 TL",--
"10 June, 2026",Fee,"Credit for processing fee","Order #4076830706",TRY,--,"386.66 TL","386.66 TL",--
"10 June, 2026",Tax,"Refund to buyer for sales tax","Order #4076830706",TRY,--,"356.22 TL","356.22 TL",--
"10 June, 2026",Refund,"Refund for Order #4076830706",,TRY,"-5,733.17 TL",--,"-5,733.17 TL",--
"10 June, 2026",VAT,"VAT: Etsy Ads",,TRY,--,"-230.64 TL","-230.64 TL",--
"10 June, 2026",Marketing,"Etsy Ads","Bill for click-throughs to your shop on Jun 9, 2026",TRY,--,"-1,153.20 TL","-1,153.20 TL",--
"09 June, 2026",VAT,"VAT: Etsy Ads",,TRY,--,"-279.28 TL","-279.28 TL",--
"09 June, 2026",Marketing,"Etsy Ads","Bill for click-throughs to your shop on Jun 8, 2026",TRY,--,"-1,396.41 TL","-1,396.41 TL",--
"08 June, 2026",VAT,"VAT: listing","listing: 4505627805",TRY,--,"-1.84 TL","-1.84 TL",--
"08 June, 2026",Fee,"Listing fee ($0.20 USD)","Listing #4505627805",TRY,--,"-9.22 TL","-9.22 TL",--
"08 June, 2026",VAT,"VAT: listing","listing: 4505624823",TRY,--,"-1.84 TL","-1.84 TL",--
"08 June, 2026",Fee,"Listing fee ($0.20 USD)","Listing #4505624823",TRY,--,"-9.22 TL","-9.22 TL",--
"08 June, 2026",VAT,"VAT: listing","listing: 4505631946",TRY,--,"-1.84 TL","-1.84 TL",--
"08 June, 2026",Fee,"Listing fee ($0.20 USD)","Listing #4505631946",TRY,--,"-9.22 TL","-9.22 TL",--
"08 June, 2026",VAT,"VAT: listing","listing: 4507714426",TRY,--,"-1.84 TL","-1.84 TL",--
"08 June, 2026",Fee,"Listing fee ($0.20 USD)","Listing #4507714426",TRY,--,"-9.22 TL","-9.22 TL",--
"08 June, 2026",VAT,"VAT: listing","listing: 4505631988",TRY,--,"-1.84 TL","-1.84 TL",--
"08 June, 2026",Fee,"Listing fee ($0.20 USD)","Listing #4505631988",TRY,--,"-9.22 TL","-9.22 TL",--
"08 June, 2026",VAT,"VAT: listing","listing: 4501623408",TRY,--,"-1.84 TL","-1.84 TL",--
"08 June, 2026",Fee,"Listing fee ($0.20 USD)","Listing #4501623408",TRY,--,"-9.22 TL","-9.22 TL",--
"08 June, 2026",VAT,"VAT: listing credit","listing credit: 4500764247",TRY,--,"1.81 TL","1.81 TL",--
"08 June, 2026",Fee,"Credit for listing fee ($0.20 USD)","Listing #4500764247",TRY,--,"9.05 TL","9.05 TL",--
"08 June, 2026",VAT,"VAT: listing","listing: 4507714446",TRY,--,"-1.84 TL","-1.84 TL",--
"08 June, 2026",Fee,"Listing fee ($0.20 USD)","Listing #4507714446",TRY,--,"-9.22 TL","-9.22 TL",--
"08 June, 2026",VAT,"VAT: listing","listing: 4507708005",TRY,--,"-1.84 TL","-1.84 TL",--
"08 June, 2026",Fee,"Listing fee ($0.20 USD)","Listing #4507708005",TRY,--,"-9.22 TL","-9.22 TL",--
"08 June, 2026",VAT,"VAT: listing","listing: 4507714466",TRY,--,"-1.84 TL","-1.84 TL",--
"08 June, 2026",Fee,"Listing fee ($0.20 USD)","Listing #4507714466",TRY,--,"-9.22 TL","-9.22 TL",--
"08 June, 2026",VAT,"VAT: listing","listing: 4510266876",TRY,--,"-1.84 TL","-1.84 TL",--
"08 June, 2026",Fee,"Listing fee ($0.20 USD)","Listing #4510266876",TRY,--,"-9.22 TL","-9.22 TL",--
"08 June, 2026",VAT,"VAT: listing","listing: 4510263293",TRY,--,"-1.84 TL","-1.84 TL",--
"08 June, 2026",Fee,"Listing fee ($0.20 USD)","Listing #4510263293",TRY,--,"-9.22 TL","-9.22 TL",--
"08 June, 2026",VAT,"VAT: listing","listing: 4518317318",TRY,--,"-1.84 TL","-1.84 TL",--
"08 June, 2026",Fee,"Listing fee ($0.20 USD)","Listing #4518317318",TRY,--,"-9.22 TL","-9.22 TL",--
"08 June, 2026",VAT,"VAT: listing","listing: 4518317196",TRY,--,"-1.84 TL","-1.84 TL",--
"08 June, 2026",Fee,"Listing fee ($0.20 USD)","Listing #4518317196",TRY,--,"-9.22 TL","-9.22 TL",--
"08 June, 2026",VAT,"VAT: listing","listing: 4518317230",TRY,--,"-1.84 TL","-1.84 TL",--
"08 June, 2026",Fee,"Listing fee ($0.20 USD)","Listing #4518317230",TRY,--,"-9.22 TL","-9.22 TL",--
"08 June, 2026",VAT,"VAT: listing","listing: 4518317218",TRY,--,"-1.84 TL","-1.84 TL",--
"08 June, 2026",Fee,"Listing fee ($0.20 USD)","Listing #4518317218",TRY,--,"-9.22 TL","-9.22 TL",--
"08 June, 2026",VAT,"VAT: listing","listing: 4518317467",TRY,--,"-1.84 TL","-1.84 TL",--
"08 June, 2026",Fee,"Listing fee ($0.20 USD)","Listing #4518317467",TRY,--,"-9.22 TL","-9.22 TL",--
"08 June, 2026",VAT,"VAT: listing","listing: 4518317595",TRY,--,"-1.84 TL","-1.84 TL",--
"08 June, 2026",Fee,"Listing fee ($0.20 USD)","Listing #4518317595",TRY,--,"-9.22 TL","-9.22 TL",--
"08 June, 2026",VAT,"VAT: listing","listing: 4518317352",TRY,--,"-1.84 TL","-1.84 TL",--
"08 June, 2026",Fee,"Listing fee ($0.20 USD)","Listing #4518317352",TRY,--,"-9.22 TL","-9.22 TL",--
"08 June, 2026",VAT,"VAT: listing","listing: 4518317354",TRY,--,"-1.84 TL","-1.84 TL",--
"08 June, 2026",Fee,"Listing fee ($0.20 USD)","Listing #4518317354",TRY,--,"-9.22 TL","-9.22 TL",--
"08 June, 2026",VAT,"VAT: listing","listing: 4518317176",TRY,--,"-1.84 TL","-1.84 TL",--
"08 June, 2026",Fee,"Listing fee ($0.20 USD)","Listing #4518317176",TRY,--,"-9.22 TL","-9.22 TL",--
"08 June, 2026",VAT,"VAT: listing","listing: 4518317417",TRY,--,"-1.84 TL","-1.84 TL",--
"08 June, 2026",Fee,"Listing fee ($0.20 USD)","Listing #4518317417",TRY,--,"-9.22 TL","-9.22 TL",--
"08 June, 2026",VAT,"VAT: listing","listing: 4518278459",TRY,--,"-1.84 TL","-1.84 TL",--
"08 June, 2026",Fee,"Listing fee ($0.20 USD)","Listing #4518278459",TRY,--,"-9.22 TL","-9.22 TL",--
"08 June, 2026",VAT,"VAT: listing","listing: 4518277870",TRY,--,"-1.84 TL","-1.84 TL",--
"08 June, 2026",Fee,"Listing fee ($0.20 USD)","Listing #4518277870",TRY,--,"-9.22 TL","-9.22 TL",--
"08 June, 2026",VAT,"VAT: listing","listing: 4518278423",TRY,--,"-1.84 TL","-1.84 TL",--
"08 June, 2026",Fee,"Listing fee ($0.20 USD)","Listing #4518278423",TRY,--,"-9.22 TL","-9.22 TL",--
"08 June, 2026",VAT,"VAT: listing","listing: 4518277856",TRY,--,"-1.84 TL","-1.84 TL",--
"08 June, 2026",Fee,"Listing fee ($0.20 USD)","Listing #4518277856",TRY,--,"-9.22 TL","-9.22 TL",--
"08 June, 2026",VAT,"VAT: listing","listing: 4518278024",TRY,--,"-1.84 TL","-1.84 TL",--
"08 June, 2026",Fee,"Listing fee ($0.20 USD)","Listing #4518278024",TRY,--,"-9.22 TL","-9.22 TL",--
"08 June, 2026",VAT,"VAT: listing","listing: 4518278475",TRY,--,"-1.84 TL","-1.84 TL",--
"08 June, 2026",Fee,"Listing fee ($0.20 USD)","Listing #4518278475",TRY,--,"-9.22 TL","-9.22 TL",--
"08 June, 2026",VAT,"VAT: listing","listing: 4518277904",TRY,--,"-1.84 TL","-1.84 TL",--
"08 June, 2026",Fee,"Listing fee ($0.20 USD)","Listing #4518277904",TRY,--,"-9.22 TL","-9.22 TL",--
"08 June, 2026",VAT,"VAT: listing","listing: 4518278004",TRY,--,"-1.84 TL","-1.84 TL",--
"08 June, 2026",Fee,"Listing fee ($0.20 USD)","Listing #4518278004",TRY,--,"-9.22 TL","-9.22 TL",--
"08 June, 2026",VAT,"VAT: listing","listing: 4518278012",TRY,--,"-1.84 TL","-1.84 TL",--
"08 June, 2026",Fee,"Listing fee ($0.20 USD)","Listing #4518278012",TRY,--,"-9.22 TL","-9.22 TL",--
"08 June, 2026",VAT,"VAT: listing","listing: 4518277978",TRY,--,"-1.84 TL","-1.84 TL",--
"08 June, 2026",Fee,"Listing fee ($0.20 USD)","Listing #4518277978",TRY,--,"-9.22 TL","-9.22 TL",--
"08 June, 2026",VAT,"VAT: Etsy Ads",,TRY,--,"-284.06 TL","-284.06 TL",--
"08 June, 2026",Marketing,"Etsy Ads","Bill for click-throughs to your shop on Jun 7, 2026",TRY,--,"-1,420.32 TL","-1,420.32 TL",--
"08 June, 2026",VAT,"VAT: Processing Fee","Order #4081406790",TRY,--,"-146.41 TL","-146.41 TL",--
"08 June, 2026",VAT,"VAT: Regulatory Operating fee",,TRY,--,"-47.09 TL","-47.09 TL",--
"08 June, 2026",VAT,"VAT: transaction","order: 4081406790",TRY,--,"-134.83 TL","-134.83 TL",--
"08 June, 2026",Fee,"Regulatory Operating fee","Order #4081406790",TRY,--,"-235.43 TL","-235.43 TL",--
"08 June, 2026",Fee,"Transaction fee: Monaco Grand Prix 1963 Vintage F1 Poster...","Order #4081406790",TRY,--,"-674.15 TL","-674.15 TL",--
"08 June, 2026",Tax,"Sales tax paid by buyer","Order #4081406790",TRY,--,"-935.25 TL","-935.25 TL",--
"08 June, 2026",Fee,"Processing fee","Order #4081406790",TRY,--,"-732.07 TL","-732.07 TL",--
"08 June, 2026",Sale,"Payment for Order #4081406790","Funds will be available on Jun 21, 2026",TRY,"11,047.30 TL",--,"11,047.30 TL",--
"08 June, 2026",VAT,"VAT: auto-renew sold ","auto-renew sold : 4510266938",TRY,--,"-1.84 TL","-1.84 TL",--
"08 June, 2026",Fee,"Listing fee ($0.20 USD)","Listing #4510266938",TRY,--,"-9.22 TL","-9.22 TL",--
"07 June, 2026",VAT,"VAT: Etsy Ads",,TRY,--,"-18.42 TL","-18.42 TL",--
"07 June, 2026",Marketing,"Etsy Ads","Bill for click-throughs to your shop on Jun 6, 2026",TRY,--,"-92.12 TL","-92.12 TL",--
"06 June, 2026",VAT,"VAT: Processing Fee","Order #4084037609",TRY,--,"-150.71 TL","-150.71 TL",--
"06 June, 2026",VAT,"VAT: Regulatory Operating fee",,TRY,--,"-48.52 TL","-48.52 TL",--
"06 June, 2026",VAT,"VAT: transaction","order: 4084037609",TRY,--,"-138.92 TL","-138.92 TL",--
"06 June, 2026",Fee,"Regulatory Operating fee","Order #4084037609",TRY,--,"-242.58 TL","-242.58 TL",--
"06 June, 2026",Fee,"Transaction fee: Vibrant Chakra Alignment, Mountain Lands...","Order #4084037609",TRY,--,"-694.61 TL","-694.61 TL",--
"06 June, 2026",Tax,"Sales tax paid by buyer","Order #4084037609",TRY,--,"-958.40 TL","-958.40 TL",--
"06 June, 2026",Fee,"Processing fee","Order #4084037609",TRY,--,"-753.55 TL","-753.55 TL",--
"06 June, 2026",Sale,"Payment for Order #4084037609","Funds will be available on Jun 20, 2026",TRY,"11,377.74 TL",--,"11,377.74 TL",--
"06 June, 2026",VAT,"VAT: auto-renew sold ","auto-renew sold : 4514040440",TRY,--,"-1.84 TL","-1.84 TL",--
"06 June, 2026",Fee,"Listing fee ($0.20 USD)","Listing #4514040440",TRY,--,"-9.21 TL","-9.21 TL",--
"06 June, 2026",VAT,"VAT: Etsy Ads",,TRY,--,"-81.81 TL","-81.81 TL",--
"06 June, 2026",Marketing,"Etsy Ads","Bill for click-throughs to your shop on Jun 5, 2026",TRY,--,"-409.03 TL","-409.03 TL",--
"05 June, 2026",VAT,"VAT: Etsy Ads",,TRY,--,"-92.06 TL","-92.06 TL",--
"05 June, 2026",Marketing,"Etsy Ads","Bill for click-throughs to your shop on Jun 4, 2026",TRY,--,"-460.31 TL","-460.31 TL",--
"04 June, 2026",VAT,"VAT: listing","listing: 4516468343",TRY,--,"-1.84 TL","-1.84 TL",--
"04 June, 2026",Fee,"Listing fee ($0.20 USD)","Listing #4516468343",TRY,--,"-9.19 TL","-9.19 TL",--
"04 June, 2026",VAT,"VAT: listing","listing: 4516467899",TRY,--,"-1.84 TL","-1.84 TL",--
"04 June, 2026",Fee,"Listing fee ($0.20 USD)","Listing #4516467899",TRY,--,"-9.19 TL","-9.19 TL",--
"04 June, 2026",VAT,"VAT: listing","listing: 4516462444",TRY,--,"-1.84 TL","-1.84 TL",--
"04 June, 2026",Fee,"Listing fee ($0.20 USD)","Listing #4516462444",TRY,--,"-9.19 TL","-9.19 TL",--
"04 June, 2026",VAT,"VAT: listing","listing: 4516467943",TRY,--,"-1.84 TL","-1.84 TL",--
"04 June, 2026",Fee,"Listing fee ($0.20 USD)","Listing #4516467943",TRY,--,"-9.19 TL","-9.19 TL",--
"04 June, 2026",VAT,"VAT: listing","listing: 4516462412",TRY,--,"-1.84 TL","-1.84 TL",--
"04 June, 2026",Fee,"Listing fee ($0.20 USD)","Listing #4516462412",TRY,--,"-9.19 TL","-9.19 TL",--
"04 June, 2026",VAT,"VAT: listing","listing: 4516462544",TRY,--,"-1.84 TL","-1.84 TL",--
"04 June, 2026",Fee,"Listing fee ($0.20 USD)","Listing #4516462544",TRY,--,"-9.19 TL","-9.19 TL",--
"04 June, 2026",VAT,"VAT: listing","listing: 4516462776",TRY,--,"-1.84 TL","-1.84 TL",--
"04 June, 2026",Fee,"Listing fee ($0.20 USD)","Listing #4516462776",TRY,--,"-9.19 TL","-9.19 TL",--
"04 June, 2026",VAT,"VAT: listing","listing: 4516462752",TRY,--,"-1.84 TL","-1.84 TL",--
"04 June, 2026",Fee,"Listing fee ($0.20 USD)","Listing #4516462752",TRY,--,"-9.19 TL","-9.19 TL",--
"04 June, 2026",VAT,"VAT: Processing Fee","Order #4081919891",TRY,--,"-165.95 TL","-165.95 TL",--
"04 June, 2026",VAT,"VAT: Regulatory Operating fee",,TRY,--,"-58.44 TL","-58.44 TL",--
"04 June, 2026",VAT,"VAT: transaction","order: 4081919891",TRY,--,"-167.33 TL","-167.33 TL",--
"04 June, 2026",Fee,"Regulatory Operating fee","Order #4081919891",TRY,--,"-292.18 TL","-292.18 TL",--
"04 June, 2026",Fee,"Transaction fee: Vintage Woman in Green Dress Canvas, Rus...","Order #4081919891",TRY,--,"-836.63 TL","-836.63 TL",--
"04 June, 2026",Sale,"Payment for Order #4081919891","Funds will be available on Jun 18, 2026",TRY,"12,549.67 TL",--,"12,549.67 TL",--
"04 June, 2026",Fee,"Processing fee","Order #4081919891",TRY,--,"-829.73 TL","-829.73 TL",--
"04 June, 2026",VAT,"VAT: auto-renew sold ","auto-renew sold : 4505570880",TRY,--,"-1.84 TL","-1.84 TL",--
"04 June, 2026",Fee,"Listing fee ($0.20 USD)","Listing #4505570880",TRY,--,"-9.19 TL","-9.19 TL",--
"04 June, 2026",VAT,"VAT: listing","listing: 4516468297",TRY,--,"-1.84 TL","-1.84 TL",--
"04 June, 2026",Fee,"Listing fee ($0.20 USD)","Listing #4516468297",TRY,--,"-9.19 TL","-9.19 TL",--
"04 June, 2026",VAT,"VAT: Etsy Ads",,TRY,--,"-151.14 TL","-151.14 TL",--
"04 June, 2026",Marketing,"Etsy Ads","Bill for click-throughs to your shop on Jun 3, 2026",TRY,--,"-755.69 TL","-755.69 TL",--
"04 June, 2026",VAT,"VAT: listing","listing: 4516299902",TRY,--,"-1.84 TL","-1.84 TL",--
"04 June, 2026",Fee,"Listing fee ($0.20 USD)","Listing #4516299902",TRY,--,"-9.19 TL","-9.19 TL",--
"04 June, 2026",VAT,"VAT: listing","listing: 4516299886",TRY,--,"-1.84 TL","-1.84 TL",--
"04 June, 2026",Fee,"Listing fee ($0.20 USD)","Listing #4516299886",TRY,--,"-9.19 TL","-9.19 TL",--
"03 June, 2026",VAT,"VAT: listing","listing: 4510263307",TRY,--,"-1.84 TL","-1.84 TL",--
"03 June, 2026",Fee,"Listing fee ($0.20 USD)","Listing #4510263307",TRY,--,"-9.19 TL","-9.19 TL",--
"03 June, 2026",VAT,"VAT: listing","listing: 4510263311",TRY,--,"-1.84 TL","-1.84 TL",--
"03 June, 2026",Fee,"Listing fee ($0.20 USD)","Listing #4510263311",TRY,--,"-9.19 TL","-9.19 TL",--
"03 June, 2026",VAT,"VAT: listing","listing: 4510266938",TRY,--,"-1.84 TL","-1.84 TL",--
"03 June, 2026",Fee,"Listing fee ($0.20 USD)","Listing #4510266938",TRY,--,"-9.19 TL","-9.19 TL",--
"03 June, 2026",VAT,"VAT: listing","listing: 4510263363",TRY,--,"-1.84 TL","-1.84 TL",--
"03 June, 2026",Fee,"Listing fee ($0.20 USD)","Listing #4510263363",TRY,--,"-9.19 TL","-9.19 TL",--
"03 June, 2026",VAT,"VAT: listing","listing: 4510263337",TRY,--,"-1.84 TL","-1.84 TL",--
"03 June, 2026",Fee,"Listing fee ($0.20 USD)","Listing #4510263337",TRY,--,"-9.19 TL","-9.19 TL",--
"03 June, 2026",VAT,"VAT: listing","listing: 4510263355",TRY,--,"-1.84 TL","-1.84 TL",--
"03 June, 2026",Fee,"Listing fee ($0.20 USD)","Listing #4510263355",TRY,--,"-9.19 TL","-9.19 TL",--
"03 June, 2026",VAT,"VAT: listing","listing: 4510263333",TRY,--,"-1.84 TL","-1.84 TL",--
"03 June, 2026",Fee,"Listing fee ($0.20 USD)","Listing #4510263333",TRY,--,"-9.19 TL","-9.19 TL",--
"03 June, 2026",VAT,"VAT: listing","listing: 4510266984",TRY,--,"-1.84 TL","-1.84 TL",--
"03 June, 2026",Fee,"Listing fee ($0.20 USD)","Listing #4510266984",TRY,--,"-9.19 TL","-9.19 TL",--
"03 June, 2026",VAT,"VAT: listing","listing: 4513211194",TRY,--,"-1.84 TL","-1.84 TL",--
"03 June, 2026",Fee,"Listing fee ($0.20 USD)","Listing #4513211194",TRY,--,"-9.19 TL","-9.19 TL",--
"03 June, 2026",VAT,"VAT: listing","listing: 4513211210",TRY,--,"-1.84 TL","-1.84 TL",--
"03 June, 2026",Fee,"Listing fee ($0.20 USD)","Listing #4513211210",TRY,--,"-9.19 TL","-9.19 TL",--
"03 June, 2026",VAT,"VAT: listing","listing: 4513211218",TRY,--,"-1.84 TL","-1.84 TL",--
"03 June, 2026",Fee,"Listing fee ($0.20 USD)","Listing #4513211218",TRY,--,"-9.19 TL","-9.19 TL",--
"03 June, 2026",VAT,"VAT: listing","listing: 4513211242",TRY,--,"-1.84 TL","-1.84 TL",--
"03 June, 2026",Fee,"Listing fee ($0.20 USD)","Listing #4513211242",TRY,--,"-9.19 TL","-9.19 TL",--
"03 June, 2026",VAT,"VAT: listing","listing: 4515892267",TRY,--,"-1.84 TL","-1.84 TL",--
"03 June, 2026",Fee,"Listing fee ($0.20 USD)","Listing #4515892267",TRY,--,"-9.19 TL","-9.19 TL",--
"03 June, 2026",VAT,"VAT: listing","listing: 4515892219",TRY,--,"-1.84 TL","-1.84 TL",--
"03 June, 2026",Fee,"Listing fee ($0.20 USD)","Listing #4515892219",TRY,--,"-9.19 TL","-9.19 TL",--
"03 June, 2026",VAT,"VAT: listing","listing: 4515892207",TRY,--,"-1.84 TL","-1.84 TL",--
"03 June, 2026",Fee,"Listing fee ($0.20 USD)","Listing #4515892207",TRY,--,"-9.19 TL","-9.19 TL",--
"03 June, 2026",VAT,"VAT: listing","listing: 4515892247",TRY,--,"-1.84 TL","-1.84 TL",--
"03 June, 2026",Fee,"Listing fee ($0.20 USD)","Listing #4515892247",TRY,--,"-9.19 TL","-9.19 TL",--
"03 June, 2026",VAT,"VAT: listing","listing: 4515880439",TRY,--,"-1.84 TL","-1.84 TL",--
"03 June, 2026",Fee,"Listing fee ($0.20 USD)","Listing #4515880439",TRY,--,"-9.19 TL","-9.19 TL",--
"03 June, 2026",VAT,"VAT: Processing Fee","Order #4076830706",TRY,--,"-77.33 TL","-77.33 TL",--
"03 June, 2026",VAT,"VAT: transaction","order: 4076830706",TRY,--,"-71.69 TL","-71.69 TL",--
"03 June, 2026",VAT,"VAT: Regulatory Operating fee",,TRY,--,"-25.04 TL","-25.04 TL",--
"03 June, 2026",Fee,"Transaction fee: Vintage Tokyo Travel Poster Canvas, Pan ...","Order #4076830706",TRY,--,"-358.46 TL","-358.46 TL",--
"03 June, 2026",Fee,"Regulatory Operating fee","Order #4076830706",TRY,--,"-125.18 TL","-125.18 TL",--
"03 June, 2026",Tax,"Sales tax paid by buyer","Order #4076830706",TRY,--,"-356.22 TL","-356.22 TL",--
"03 June, 2026",Fee,"Processing fee","Order #4076830706",TRY,--,"-386.66 TL","-386.66 TL",--
"03 June, 2026",Sale,"Payment for Order #4076830706",,TRY,"5,733.17 TL",--,"5,733.17 TL",--
"03 June, 2026",VAT,"VAT: auto-renew sold ","auto-renew sold : 4500764247",TRY,--,"-1.84 TL","-1.84 TL",--
"03 June, 2026",Fee,"Listing fee ($0.20 USD)","Listing #4500764247",TRY,--,"-9.19 TL","-9.19 TL",--
"03 June, 2026",VAT,"VAT: listing","listing: 4515841008",TRY,--,"-1.84 TL","-1.84 TL",--
"03 June, 2026",Fee,"Listing fee ($0.20 USD)","Listing #4515841008",TRY,--,"-9.19 TL","-9.19 TL",--
"03 June, 2026",VAT,"VAT: listing","listing: 4515843699",TRY,--,"-1.84 TL","-1.84 TL",--
"03 June, 2026",Fee,"Listing fee ($0.20 USD)","Listing #4515843699",TRY,--,"-9.19 TL","-9.19 TL",--
"03 June, 2026",VAT,"VAT: listing","listing: 4515843761",TRY,--,"-1.84 TL","-1.84 TL",--
"03 June, 2026",Fee,"Listing fee ($0.20 USD)","Listing #4515843761",TRY,--,"-9.19 TL","-9.19 TL",--
"03 June, 2026",VAT,"VAT: listing","listing: 4515841016",TRY,--,"-1.84 TL","-1.84 TL",--
"03 June, 2026",Fee,"Listing fee ($0.20 USD)","Listing #4515841016",TRY,--,"-9.19 TL","-9.19 TL",--
"03 June, 2026",VAT,"VAT: listing","listing: 4515843817",TRY,--,"-1.84 TL","-1.84 TL",--
"03 June, 2026",Fee,"Listing fee ($0.20 USD)","Listing #4515843817",TRY,--,"-9.19 TL","-9.19 TL",--
"03 June, 2026",VAT,"VAT: listing","listing: 4515843945",TRY,--,"-1.84 TL","-1.84 TL",--
"03 June, 2026",Fee,"Listing fee ($0.20 USD)","Listing #4515843945",TRY,--,"-9.19 TL","-9.19 TL",--
"03 June, 2026",VAT,"VAT: listing","listing: 4515841192",TRY,--,"-1.84 TL","-1.84 TL",--
"03 June, 2026",Fee,"Listing fee ($0.20 USD)","Listing #4515841192",TRY,--,"-9.19 TL","-9.19 TL",--
"03 June, 2026",VAT,"VAT: listing","listing: 4515840978",TRY,--,"-1.84 TL","-1.84 TL",--
"03 June, 2026",Fee,"Listing fee ($0.20 USD)","Listing #4515840978",TRY,--,"-9.19 TL","-9.19 TL",--
"03 June, 2026",VAT,"VAT: listing","listing: 4515797785",TRY,--,"-1.84 TL","-1.84 TL",--
"03 June, 2026",Fee,"Listing fee ($0.20 USD)","Listing #4515797785",TRY,--,"-9.19 TL","-9.19 TL",--
"03 June, 2026",VAT,"VAT: listing","listing: 4515797583",TRY,--,"-1.84 TL","-1.84 TL",--
"03 June, 2026",Fee,"Listing fee ($0.20 USD)","Listing #4515797583",TRY,--,"-9.19 TL","-9.19 TL",--
"03 June, 2026",VAT,"VAT: listing","listing: 4515797569",TRY,--,"-1.84 TL","-1.84 TL",--
"03 June, 2026",Fee,"Listing fee ($0.20 USD)","Listing #4515797569",TRY,--,"-9.19 TL","-9.19 TL",--
"03 June, 2026",VAT,"VAT: listing","listing: 4515795220",TRY,--,"-1.84 TL","-1.84 TL",--
"03 June, 2026",Fee,"Listing fee ($0.20 USD)","Listing #4515795220",TRY,--,"-9.19 TL","-9.19 TL",--
"03 June, 2026",VAT,"VAT: listing","listing: 4515795212",TRY,--,"-1.84 TL","-1.84 TL",--
"03 June, 2026",Fee,"Listing fee ($0.20 USD)","Listing #4515795212",TRY,--,"-9.19 TL","-9.19 TL",--
"03 June, 2026",VAT,"VAT: listing","listing: 4515795180",TRY,--,"-1.84 TL","-1.84 TL",--
"03 June, 2026",Fee,"Listing fee ($0.20 USD)","Listing #4515795180",TRY,--,"-9.19 TL","-9.19 TL",--
"03 June, 2026",VAT,"VAT: listing","listing: 4515797545",TRY,--,"-1.84 TL","-1.84 TL",--
"03 June, 2026",Fee,"Listing fee ($0.20 USD)","Listing #4515797545",TRY,--,"-9.19 TL","-9.19 TL",--
"03 June, 2026",VAT,"VAT: Etsy Ads",,TRY,--,"-172.20 TL","-172.20 TL",--
"03 June, 2026",Marketing,"Etsy Ads","Bill for click-throughs to your shop on Jun 2, 2026",TRY,--,"-861.02 TL","-861.02 TL",--
"02 June, 2026",VAT,"VAT: Etsy Ads",,TRY,--,"-91.86 TL","-91.86 TL",--
"02 June, 2026",Marketing,"Etsy Ads","Bill for click-throughs to your shop on Jun 1, 2026",TRY,--,"-459.31 TL","-459.31 TL",--
"01 June, 2026",VAT,"VAT: Etsy Ads",,TRY,--,"-88.34 TL","-88.34 TL",--
"01 June, 2026",Marketing,"Etsy Ads","Bill for click-throughs to your shop on May 31, 2026",TRY,--,"-441.70 TL","-441.70 TL",--
